{
  "model": {
    "type": "LSTMTimeStep",
    "options": {
      "inputSize": 1,
      "inputRange": 0,
      "hiddenLayers": [
        10
      ],
      "outputSize": 1,
      "decayRate": 0.999,
      "smoothEps": 1e-8,
      "regc": 0.000001,
      "clipval": 5,
      "maxPredictionLength": 100,
      "dataFormatter": {
        "indexTable": {},
        "characterTable": {},
        "characters": [],
        "specialIndexes": []
      }
    },
    "hiddenLayers": [
      {
        "inputMatrix": {
          "rows": 10,
          "columns": 1,
          "weights": [
            -2.3301217555999756,
            0.4502129554748535,
            -2.1480021476745605,
            -0.7231713533401489,
            -2.924208879470825,
            1.2109386920928955,
            0.47321194410324097,
            -3.8840978145599365,
            0.4016994535923004,
            0.7712435722351074
          ]
        },
        "inputHidden": {
          "rows": 10,
          "columns": 10,
          "weights": [
            0.00849008560180664,
            0.8422994017601013,
            1.9685661792755127,
            0.23886218667030334,
            -0.7139692902565002,
            2.5968711376190186,
            -2.303424596786499,
            2.156480073928833,
            -0.05288408324122429,
            0.25505438446998596,
            -1.5459978580474854,
            -0.3215864896774292,
            1.0351492166519165,
            -0.14315283298492432,
            -1.4533957242965698,
            1.0359219312667847,
            -1.5256450176239014,
            1.2437573671340942,
            -0.11478491872549057,
            -0.13947631418704987,
            0.6229817867279053,
            1.95588219165802,
            1.1790796518325806,
            0.12834130227565765,
            0.9161863327026367,
            2.0295774936676025,
            -1.6522138118743896,
            0.22573226690292358,
            2.577561855316162,
            -0.8017485737800598,
            -0.8354679942131042,
            3.737107753753662,
            2.6894800662994385,
            2.7093987464904785,
            -0.9860942363739014,
            -0.7133707404136658,
            -2.4112446308135986,
            2.282590389251709,
            -1.014036774635315,
            -2.7566630840301514,
            -0.19330602884292603,
            -0.4266723394393921,
            -1.1058915853500366,
            -0.20334146916866302,
            0.18953464925289154,
            -1.0117756128311157,
            0.268656462430954,
            -0.3755055069923401,
            -2.7163264751434326,
            1.0525686740875244,
            -0.8621551394462585,
            1.1292264461517334,
            1.080570936203003,
            3.237804651260376,
            -0.6755849719047546,
            1.3502780199050903,
            -1.0951145887374878,
            3.004995346069336,
            -1.305433750152588,
            -2.051521062850952,
            -1.094172716140747,
            0.44321921467781067,
            -0.29163727164268494,
            -0.5122689604759216,
            0.6290320754051208,
            -0.33720648288726807,
            0.21761618554592133,
            0.043345991522073746,
            -1.937989592552185,
            1.6846414804458618,
            1.1502325534820557,
            0.6437386870384216,
            -0.4397410452365875,
            -1.2062910795211792,
            -0.8981233835220337,
            1.1690874099731445,
            -0.7329269647598267,
            1.9115227460861206,
            -0.9099401831626892,
            3.4337241649627686,
            0.10867230594158173,
            -0.35993272066116333,
            1.7341582775115967,
            -0.09698837995529175,
            -1.749680519104004,
            0.6717725396156311,
            -0.6175116300582886,
            1.6752145290374756,
            0.9820029139518738,
            -1.836258888244629,
            -2.1708106994628906,
            -1.1172173023223877,
            1.8096754550933838,
            -2.622509241104126,
            -1.232473611831665,
            -3.0568034648895264,
            -1.2101404666900635,
            0.776461660861969,
            -1.1865402460098267,
            -0.038775183260440826
          ]
        },
        "inputBias": {
          "rows": 10,
          "columns": 1,
          "weights": [
            2.738917827606201,
            2.2561256885528564,
            -1.510185718536377,
            2.597036838531494,
            -1.475692629814148,
            0.6637634038925171,
            1.509048581123352,
            1.1639530658721924,
            0.15252651274204254,
            -1.2686176300048828
          ]
        },
        "forgetMatrix": {
          "rows": 10,
          "columns": 1,
          "weights": [
            -2.335983991622925,
            -1.5186657905578613,
            0.026964381337165833,
            1.0301005840301514,
            -0.888702929019928,
            -5.038635730743408,
            -2.8549001216888428,
            -4.166713237762451,
            0.09300505369901657,
            -0.2973967492580414
          ]
        },
        "forgetHidden": {
          "rows": 10,
          "columns": 10,