{
  "model": {
    "type": "LSTMTimeStep",
    "options": {
      "inputSize": 1,
      "inputRange": 0,
      "hiddenLayers": [
        10
      ],
      "outputSize": 1,
      "decayRate": 0.999,
      "smoothEps": 1e-8,
      "regc": 0.000001,
      "clipval": 5,
      "maxPredictionLength": 100,
      "dataFormatter": {
        "indexTable": {},
        "characterTable": {},
        "characters": [],
        "specialIndexes": []
      }
    },
    "hiddenLayers": [
      {
        "inputMatrix": {
          "rows": 10,
          "columns": 1,
          "weights": [
            0.3649238049983978,
            1.0430197715759277,
            -2.036844253540039,
            -1.9979356527328491,
            -0.8745019435882568,
            -1.7536391019821167,
            -0.7927123308181763,
            -1.3423627614974976,
            -0.262376606464386,
            -2.894157648086548
          ]
        },
        "inputHidden": {
          "rows": 10,
          "columns": 10,
          "weights": [
            0.6097539663314819,
            -0.19995573163032532,
            0.1861133575439453,
            0.9840012192726135,
            0.9455960392951965,
            -0.9517713785171509,
            -0.13655632734298706,
            1.0763800144195557,
            -0.5328249335289001,
            0.10748188942670822,
            0.825933575630188,
            0.09734269976615906,
            1.559475064277649,
            -0.45348283648490906,
            1.5909537076950073,
            -2.175971746444702,
            -0.05960032343864441,
            0.6753324866294861,
            -0.47843343019485474,
            -0.33552467823028564,
            1.819071650505066,
            3.0557868480682373,
            0.5782234072685242,
            -1.6146799325942993,
            -3.7640955448150635,
            -2.357917547225952,
            1.5895968675613403,
            -1.4118127822875977,
            2.5116188526153564,
            -2.9233086109161377,
            3.256099224090576,
            1.6077091693878174,
            -1.7427138090133667,
            -0.042682427912950516,
            -0.32991811633110046,
            1.4121696949005127,
            0.18895290791988373,
            0.18110662698745728,
            0.46573787927627563,
            1.3336535692214966,
            0.3569403886795044,
            0.4528316557407379,
            -0.48902153968811035,
            -1.4407131671905518,
            2.4570677280426025,
            1.9949787855148315,
            1.176675796508789,
            1.7999358177185059,
            2.1852355003356934,
            0.43468210101127625,
            -0.49383479356765747,
            -0.5915765166282654,
            1.5235182046890259,
            -0.7773470282554626,
            -1.173164963722229,
            -0.8677089214324951,
            0.9352573752403259,
            1.1257405281066895,
            1.8069803714752197,
            2.5385260581970215,
            1.2029987573623657,
            1.288263201713562,
            -0.31628939509391785,
            -2.4492008686065674,
            -3.5862889289855957,
            -1.4851140975952148,
            0.22588831186294556,
            -2.328958034515381,
            -0.38367921113967896,
            -1.5296235084533691,
            1.2713619470596313,
            1.6930791139602661,
            -0.5438786149024963,
            -0.1087174192070961,
            -0.976318359375,
            0.6976611018180847,
            1.1513136625289917,
            0.508945882320404,
            0.9789201021194458,
            -3.329634189605713,
            1.0425275564193726,
            1.468211054801941,
            0.014676717109978199,
            -2.6709609031677246,
            -2.9636685848236084,
            -1.3755468130111694,
            -0.7037426233291626,
            -1.4524166584014893,
            -0.7295384407043457,
            -0.9196702241897583,
            -0.30268046259880066,
            -0.4805747866630554,
            -0.6222504377365112,
            0.5224217176437378,
            -0.012992504052817822,
            1.9317220449447632,
            -2.0871341228485107,
            -0.06764625012874603,
            -1.1633915901184082,
            -3.743242025375366
          ]
        },
        "inputBias": {
          "rows": 10,
          "columns": 1,
          "weights": [
            -0.4695900082588196,
            -2.7478272914886475,
            4.262274742126465,
            1.9608691930770874,
            2.6291542053222656,
            1.610535979270935,
            2.0136075019836426,
            1.6655380725860596,
            2.6163368225097656,
            0.9512993097305298
          ]
        },
        "forgetMatrix": {
          "rows": 10,
          "columns": 1,
          "weights": [
            -0.17776139080524445,
            0.27732306718826294,
            -1.8832260370254517,
            -2.0447840690612793,
            0.6847644448280334,
            -1.304056167602539,
            -0.18792150914669037,
            -1.7541712522506714,
            0.8451592922210693,
            -2.097503185272217
          ]
        },
        "forgetHidden": {
          "rows": 10,
          "columns": 10,